Fullname,Mobileno,Email
James,504-845-1427,jbutt@gmail.com
Josephine,810-374-9840,josephine_darakjy@darakjy.org
Art,856-264-4130,art@venere.org
Lenna,907-921-2010,lpaprocki@hotmail.com
Donette,513-549-4561,donette.foller@cox.net
Simona,419-800-6759,simona@morasca.com
Mitsue,773-924-8565,mitsue_tollner@yahoo.com
Leota,408-813-1105,leota@hotmail.com
Sage,605-794-4895,sage_wieser@cox.net
Kris,410-804-4694,kris@gmail.com
Minna,215-422-8694,minna_amigon@yahoo.com
Abel,631-677-3675,amaclead@gmail.com
Kiley,310-254-3084,kiley.caldarera@aol.com
Graciela,440-579-7763,gruta@cox.net
Cammy,956-841-7216,calbares@gmail.com
Mattie,602-953-6360,mattie@aol.com
Meaghan,931-235-7959,meaghan@hotmail.com
Gladys,414-377-2880,gladys.rim@rim.org
Yuki,313-341-4470,yuki_whobrey@aol.com
Fletcher,815-426-5657,fletcher.flosi@yahoo.com
Bette,610-492-4643,bette_nicka@cox.net
Veronika,408-813-4592,vinouye@aol.com
Willard,972-896-4882,willard@hotmail.com
Maryann,518-448-8982,mroyster@royster.com
Alisha,732-635-3453,alisha@slusarski.com
Allene,715-530-9863,allene_iturbide@cox.net
Chanel,913-899-1103,chanel.caudy@caudy.org
Ezekiel,410-235-8738,ezekiel@chui.com
Willow,212-934-5167,wkusko@yahoo.com
Bernardo,936-597-3614,bfigeroa@aol.com
Ammie,614-648-3265,ammie@corrio.com
Francine,505-335-5293,francine_vocelka@vocelka.com
Ernie,201-387-9093,ernie_stenseth@aol.com
Albina,732-782-6701,albina@glick.com
Alishia,212-753-2740,asergi@gmail.com
Solange,504-265-8174,solange@shinko.com
Jose,212-569-4233,jose@yahoo.com
Rozella,805-609-1531,rozella.ostrosky@ostrosky.com
Valentine,210-300-6244,valentine_gillian@gmail.com
Kati,785-219-7724,kati.rulapaugh@hotmail.com
Youlanda,541-993-2611,youlanda@aol.com
Dyan,913-645-8918,doldroyd@aol.com
Roxane,907-335-6568,roxane@hotmail.com
Lavera,305-995-2078,lperin@perin.org
Erick,907-227-6777,erick.ferencz@aol.com
Fatima,952-479-2375,fsaylors@saylors.org
Jina,617-997-5771,jina_briddick@briddick.com
Kanisha,323-315-7314,kanisha_waycott@yahoo.com
Emerson,608-658-7940,emerson.bowley@bowley.org
Blair,215-794-4519,bmalet@yahoo.com
Brock,212-617-5063,bbolognia@yahoo.com
Lorrie,931-303-6041,lnestle@hotmail.com
Sabra,803-681-3678,sabra@uyetake.org
Marjory,610-379-7125,mmastella@mastella.com
Karl,908-470-4661,karl_klonowski@yahoo.com
Tonette,516-333-4861,twenner@aol.com
Amber,215-329-6386,amber_monarrez@monarrez.org
Shenika,818-749-8650,shenika@gmail.com
Delmy,401-559-8961,delmy.ahle@hotmail.com
Deeanna,215-417-9563,deeanna_juhas@gmail.com
Blondell,401-300-8122,bpugh@aol.com
Jamal,732-904-2931,jamal@vanausdal.org
Cecily,512-861-3814,cecily@hollack.org
Carmelina,303-874-5160,carmelina_lindall@lindall.com
Maurine,414-573-7719,maurine_yglesias@yglesias.com
Tawna,212-462-9157,tawna@gmail.com
Penney,907-873-2882,penney_weight@aol.com
Elly,814-420-3553,elly_morocco@gmail.com
Ilene,410-937-4543,ilene.eroman@hotmail.com
Vallie,208-737-8439,vmondella@mondella.com
Kallie,415-604-7609,kallie.blackwood@gmail.com
Johnetta,919-715-3791,johnetta_abdallah@aol.com
Bobbye,650-811-9032,brhym@rhym.com
Micaela,925-522-7798,micaela_rhymes@gmail.com
Tamar,740-526-5410,tamar@hotmail.com
Moon,585-498-4278,moon@yahoo.com
Laurel,410-957-6903,laurel_reitler@reitler.com
Delisa,973-847-9611,delisa.crupi@crupi.com
Viva,773-352-3437,viva.toelkes@gmail.com
Elza,973-796-3667,elza@yahoo.com
Devorah,505-950-1763,devorah@hotmail.com
Timothy,718-654-7063,timothy_mulqueen@mulqueen.org
Arlette,904-514-9918,ahoneywell@honeywell.com
Dominque,510-901-7640,dominque.dickerson@dickerson.org
Lettie,216-733-8494,lettie_isenhower@yahoo.com
Myra,817-451-3518,mmunns@cox.net
Stephaine,310-968-1219,stephaine@barfield.com
Lai,847-957-4614,lai.gato@gato.org
Stephen,330-700-2312,stephen_emigh@hotmail.com
Tyra,215-228-8264,tshields@gmail.com
Tammara,650-216-5075,twardrip@cox.net
Cory,626-696-2777,cory.gibes@gmail.com
Danica,254-205-1422,danica_bruschke@gmail.com
Wilda,907-914-9482,wilda@cox.net
Elvera,408-440-8447,elvera.benimadho@cox.net
Carma,510-452-4835,carma@cox.net
Malinda,317-472-2412,malinda.hochard@yahoo.com
Natalie,307-279-3793,natalie.fern@hotmail.com
Lisha,703-475-7568,lisha@centini.org
